Country ISO3,Country Name,Year,Index,Rank
ANG,Angola,2006,0.6038,96.0
ANG,Angola,2007,0.6034,110.0
ANG,Angola,2008,0.6032,114.0
ANG,Angola,2009,0.6353,106.0
ANG,Angola,2010,0.6712,81.0
ANG,Angola,2011,0.6624,87.0
ANG,Angola,2013,0.6659,92.0
ANG,Angola,2014,0.6311,121.0
ANG,Angola,2015,0.637,126.0
ANG,Angola,2016,0.643,117.0
ANG,Angola,2018,0.633,125.0
ALB,Albania,2006,0.6607,61.0
ALB,Albania,2007,0.6685,66.0
ALB,Albania,2008,0.6591,87.0
ALB,Albania,2009,0.6601,91.0
ALB,Albania,2010,0.6726,78.0
ALB,Albania,2011,0.6748,78.0
ALB,Albania,2012,0.6655,91.0
ALB,Albania,2013,0.6412,108.0
ALB,Albania,2014,0.6869,83.0
ALB,Albania,2015,0.701,70.0
ALB,Albania,2016,0.7040000000000001,62.0
ALB,Albania,2018,0.7340000000000001,34.0
UAE,United Arab Emirates,2006,0.5919,101.0
UAE,United Arab Emirates,2007,0.6184,105.0
UAE,United Arab Emirates,2008,0.622,105.0
UAE,United Arab Emirates,2009,0.6198,112.0
UAE,United Arab Emirates,2010,0.6397,103.0
UAE,United Arab Emirates,2011,0.6454,103.0
UAE,United Arab Emirates,2012,0.6392,107.0
UAE,United Arab Emirates,2013,0.6372,109.0
UAE,United Arab Emirates,2014,0.6436,115.0
UAE,United Arab Emirates,2015,0.6459999999999999,119.0
UAE,United Arab Emirates,2016,0.639,124.0
UAE,United Arab Emirates,2018,0.642,121.0
ARG,Argentina,2006,0.6829,41.0
ARG,Argentina,2007,0.6982,33.0
ARG,Argentina,2008,0.7209,24.0
ARG,Argentina,2009,0.7211,24.0
ARG,Argentina,2010,0.7187,29.0
ARG,Argentina,2011,0.7236,28.0
ARG,Argentina,2012,0.7212,32.0
ARG,Argentina,2013,0.7195,34.0
ARG,Argentina,2014,0.7317,31.0
ARG,Argentina,2015,0.7340000000000001,35.0
ARG,Argentina,2016,0.735,33.0
ARG,Argentina,2018,0.733,36.0
ARM,Armenia,2007,0.6651,71.0
ARM,Armenia,2008,0.6677,78.0
ARM,Armenia,2009,0.6619,90.0
ARM,Armenia,2010,0.6669,84.0
ARM,Armenia,2011,0.6654,84.0
ARM,Armenia,2012,0.6636,92.0
ARM,Armenia,2013,0.6634,94.0
ARM,Armenia,2014,0.6622,103.0
ARM,Armenia,2015,0.6679999999999999,105.0
ARM,Armenia,2016,0.669,102.0
ARM,Armenia,2018,0.6779999999999999,98.0
AUS,Australia,2006,0.7163,15.0
AUS,Australia,2007,0.7204,17.0
AUS,Australia,2008,0.7241,21.0
AUS,Australia,2009,0.7282,20.0
AUS,Australia,2010,0.7271,23.0
AUS,Australia,2011,0.7291,23.0
AUS,Australia,2012,0.7294,25.0
AUS,Australia,2013,0.7390000000000001,24.0
AUS,Australia,2014,0.7409,24.0
AUS,Australia,2015,0.733,36.0
AUS,Australia,2016,0.721,46.0
AUS,Australia,2018,0.73,39.0
AUT,Austria,2006,0.6986,27.0
AUT,Austria,2007,0.706,27.0
AUT,Austria,2008,0.7153,29.0
AUT,Austria,2009,0.7031,42.0
AUT,Austria,2010,0.7091,37.0
AUT,Austria,2011,0.7165,34.0
AUT,Austria,2012,0.7391,20.0
AUT,Austria,2013,0.7437,19.0
AUT,Austria,2014,0.7266,36.0
AUT,Austria,2015,0.733,37.0
AUT,Austria,2016,0.716,52.0
AUT,Austria,2018,0.718,53.0
AZE,Azerbaijan,2007,0.6781,59.0
AZE,Azerbaijan,2008,0.6856,61.0
AZE,Azerbaijan,2009,0.6626,89.0
AZE,Azerbaijan,2010,0.6446,100.0
AZE,Azerbaijan,2011,0.6577,91.0
AZE,Azerbaijan,2012,0.6546,99.0
AZE,Azerbaijan,2013,0.6582,99.0
AZE,Azerbaijan,2014,0.6753,94.0
AZE,Azerbaijan,2015,0.675,96.0
AZE,Azerbaijan,2016,0.684,86.0
AZE,Azerbaijan,2018,0.68,97.0
BDI,Burundi,2011,0.727,24.0
BDI,Burundi,2012,0.7338,24.0
BDI,Burundi,2013,0.7397,22.0
BDI,Burundi,2014,0.7565,17.0
BDI,Burundi,2015,0.748,23.0
BDI,Burundi,2016,0.768,12.0
BDI,Burundi,2018,0.741,31.0
BEL,Belgium,2006,0.7078,20.0
BEL,Belgium,2007,0.7198,19.0
BEL,Belgium,2008,0.7163,28.0
BEL,Belgium,2009,0.7165,33.0
BEL,Belgium,2010,0.7509,14.0
BEL,Belgium,2011,0.7531,13.0
BEL,Belgium,2012,0.7652,12.0
BEL,Belgium,2013,0.7684,11.0
BEL,Belgium,2014,0.7809,10.0
BEL,Belgium,2015,0.753,19.0
BEL,Belgium,2016,0.745,24.0
BEL,Belgium,2018,0.738,32.0
BEN,Benin,2006,0.5778,110.0
BEN,Benin,2007,0.5656,123.0
BEN,Benin,2008,0.5582,126.0
BEN,Benin,2009,0.5643,131.0
BEN,Benin,2010,0.5719,128.0
BEN,Benin,2011,0.5832,128.0
BEN,Benin,2012,0.6258,117.0
BEN,Benin,2013,0.5885,126.0
BEN,Benin,2015,0.625,129.0
BEN,Benin,2016,0.636,127.0
BEN,Benin,2018,0.654,118.0
BFA,Burkina Faso,2006,0.5853,104.0
BFA,Burkina Faso,2007,0.5912,117.0
BFA,Burkina Faso,2008,0.6029,115.0
BFA,Burkina Faso,2009,0.6081,120.0
BFA,Burkina Faso,2010,0.6162,111.0
BFA,Burkina Faso,2011,0.6153,115.0
BFA,Burkina Faso,2012,0.6455,104.0
BFA,Burkina Faso,2013,0.6513,103.0
BFA,Burkina Faso,2014,0.65,110.0
BFA,Burkina Faso,2015,0.6509999999999999,114.0
BFA,Burkina Faso,2016,0.64,123.0
BFA,Burkina Faso,2018,0.629,129.0
BAN,Bangladesh,2006,0.6269,91.0
BAN,Bangladesh,2007,0.6314,100.0
BAN,Bangladesh,2008,0.6531,90.0
BAN,Bangladesh,2009,0.6526,93.0
BAN,Bangladesh,2010,0.6702,82.0
BAN,Bangladesh,2011,0.6812,69.0
BAN,Bangladesh,2012,0.6684,86.0
BAN,Bangladesh,2013,0.6848,75.0
BAN,Bangladesh,2014,0.6973,68.0
BAN,Bangladesh,2015,0.7040000000000001,64.0
BAN,Bangladesh,2016,0.698,72.0
BAN,Bangladesh,2018,0.721,48.0
BUL,Bulgaria,2006,0.687,37.0
BUL,Bulgaria,2007,0.7085,25.0
BUL,Bulgaria,2008,0.7077,36.0
BUL,Bulgaria,2009,0.7072,38.0
BUL,Bulgaria,2010,0.6983,50.0
BUL,Bulgaria,2011,0.6987,51.0
BUL,Bulgaria,2012,0.7021,52.0
BUL,Bulgaria,2013,0.7097,43.0
BUL,Bulgaria,2014,0.7444,22.0
BUL,Bulgaria,2015,0.722,43.0
BUL,Bulgaria,2016,0.726,41.0
BUL,Bulgaria,2018,0.7559999999999999,18.0
BHR,Bahrain,2006,0.5894,102.0
BHR,Bahrain,2007,0.5931,115.0
BHR,Bahrain,2008,0.5927,121.0
BHR,Bahrain,2009,0.6136,116.0
BHR,Bahrain,2010,0.6217,110.0
BHR,Bahrain,2011,0.6232,110.0
BHR,Bahrain,2012,0.6298,111.0
BHR,Bahrain,2013,0.6334,112.0
BHR,Bahrain,2014,0.6261,124.0
BHR,Bahrain,2015,0.644,123.0
BHR,Bahrain,2016,0.615,131.0
BHR,Bahrain,2018,0.627,132.0
BAH,"Bahamas, The",2009,0.7179,28.0
BAH,"Bahamas, The",2010,0.7128,36.0
BAH,"Bahamas, The",2011,0.7340000000000001,22.0
BAH,"Bahamas, The",2012,0.7156,37.0
BAH,"Bahamas, The",2013,0.7128,40.0
BAH,"Bahamas, The",2014,0.7269,35.0
BAH,"Bahamas, The",2015,0.728,40.0
BAH,"Bahamas, The",2016,0.7290000000000001,37.0
BAH,"Bahamas, The",2018,0.741,30.0
BIH,Bosnia and Herzegovina,2016,0.685,83.0
BIH,Bosnia and Herzegovina,2018,0.7120000000000001,62.0
BLR,Belarus,2007,0.7113,23.0
BLR,Belarus,2008,0.7099,33.0
BLR,Belarus,2009,0.7141,34.0
BLR,Belarus,2014,0.73,32.0
BLR,Belarus,2015,0.7340000000000001,34.0
BLR,Belarus,2016,0.737,30.0
BLR,Belarus,2018,0.747,28.0
BLZ,Belize,2007,0.6426,94.0
BLZ,Belize,2008,0.6609999999999999,86.0
BLZ,Belize,2009,0.6636,87.0
BLZ,Belize,2010,0.6536,93.0
BLZ,Belize,2011,0.6489,100.0
BLZ,Belize,2012,0.6465,102.0
BLZ,Belize,2013,0.6449,107.0
BLZ,Belize,2014,0.6701,100.0
BLZ,Belize,2015,0.6679999999999999,103.0
BLZ,Belize,2016,0.6759999999999999,98.0
BLZ,Belize,2018,0.662,111.0
BOL,Bolivia,2006,0.6335,87.0
BOL,Bolivia,2007,0.6574,80.0
BOL,Bolivia,2008,0.6667,80.0
BOL,Bolivia,2009,0.6693,82.0
BOL,Bolivia,2010,0.6751,76.0
BOL,Bolivia,2011,0.6862,62.0
BOL,Bolivia,2012,0.7222,30.0
BOL,Bolivia,2013,0.7340000000000001,27.0
BOL,Bolivia,2014,0.7049,58.0
BOL,Bolivia,2015,0.7490000000000001,22.0
BOL,Bolivia,2016,0.746,23.0
BOL,Bolivia,2018,0.748,25.0
BRA,Brazil,2006,0.6543,67.0
BRA,Brazil,2007,0.6637,74.0
BRA,Brazil,2008,0.6737,73.0
BRA,Brazil,2009,0.6695,81.0
BRA,Brazil,2010,0.6655,85.0
BRA,Brazil,2011,0.6679,82.0
BRA,Brazil,2012,0.6909,62.0
BRA,Brazil,2013,0.6949,62.0
BRA,Brazil,2014,0.6941,71.0
BRA,Brazil,2015,0.6859999999999999,85.0
BRA,Brazil,2016,0.687,79.0
BRA,Brazil,2018,0.6809999999999999,95.0
BRB,Barbados,2008,0.7188,26.0
BRB,Barbados,2009,0.7236,21.0
BRB,Barbados,2010,0.7176,31.0
BRB,Barbados,2011,0.7170000000000001,33.0
BRB,Barbados,2012,0.7232,27.0
BRB,Barbados,2013,0.7301,29.0
BRB,Barbados,2014,0.7289,33.0
BRB,Barbados,2015,0.7440000000000001,24.0
BRB,Barbados,2016,0.7390000000000001,28.0
BRB,Barbados,2018,0.753,21.0
BRU,Brunei Darussalam,2008,0.6392,99.0
BRU,Brunei Darussalam,2009,0.6524,94.0
BRU,Brunei Darussalam,2010,0.6748,77.0
BRU,Brunei Darussalam,2011,0.6787,76.0
BRU,Brunei Darussalam,2012,0.675,75.0
BRU,Brunei Darussalam,2013,0.6729999999999999,88.0
BRU,Brunei Darussalam,2014,0.6719,98.0
BRU,Brunei Darussalam,2015,0.684,88.0
BRU,Brunei Darussalam,2016,0.669,103.0
BRU,Brunei Darussalam,2018,0.6859999999999999,90.0
BHU,Bhutan,2013,0.6651,93.0
BHU,Bhutan,2014,0.6364,120.0
BHU,Bhutan,2015,0.6459999999999999,118.0
BHU,Bhutan,2016,0.642,121.0
BHU,Bhutan,2018,0.638,122.0
BOT,Botswana,2006,0.6897,34.0
BOT,Botswana,2007,0.6797,53.0
BOT,Botswana,2008,0.6839,63.0
BOT,Botswana,2009,0.7071,39.0
BOT,Botswana,2010,0.6876,62.0
BOT,Botswana,2011,0.6832,66.0
BOT,Botswana,2012,0.6744,77.0
BOT,Botswana,2013,0.6752,85.0
BOT,Botswana,2014,0.7129,51.0
BOT,Botswana,2015,0.71,55.0
BOT,Botswana,2016,0.715,54.0
BOT,Botswana,2018,0.715,55.0
CAN,Canada,2006,0.7165,14.0
CAN,Canada,2007,0.7198,18.0
CAN,Canada,2008,0.7136,31.0
CAN,Canada,2009,0.7196,25.0
CAN,Canada,2010,0.7372,20.0
CAN,Canada,2011,0.7407,18.0
CAN,Canada,2012,0.7381,21.0
CAN,Canada,2013,0.7425,20.0
CAN,Canada,2014,0.7464,19.0
CAN,Canada,2015,0.74,30.0
CAN,Canada,2016,0.731,35.0
CAN,Canada,2018,0.7709999999999999,16.0
SUI,Switzerland,2006,0.6997,26.0
SUI,Switzerland,2007,0.6924,40.0
SUI,Switzerland,2008,0.736,14.0
SUI,Switzerland,2009,0.7426,13.0
SUI,Switzerland,2010,0.7562,10.0
SUI,Switzerland,2011,0.7627,10.0
SUI,Switzerland,2012,0.7672,10.0
SUI,Switzerland,2013,0.7736,9.0
SUI,Switzerland,2014,0.7798,11.0
SUI,Switzerland,2015,0.785,8.0
SUI,Switzerland,2016,0.7759999999999999,11.0
SUI,Switzerland,2018,0.755,20.0
CHI,Chile,2006,0.6455,78.0
CHI,Chile,2007,0.6482,86.0
CHI,Chile,2008,0.6818,65.0
CHI,Chile,2009,0.6884,64.0
CHI,Chile,2010,0.7013,48.0
CHI,Chile,2011,0.703,46.0
CHI,Chile,2012,0.6676,87.0
CHI,Chile,2013,0.667,91.0
CHI,Chile,2014,0.6975,66.0
CHI,Chile,2015,0.698,73.0
CHI,Chile,2016,0.6990000000000001,70.0
CHI,Chile,2018,0.7170000000000001,54.0
CHN,China,2006,0.6559999999999999,63.0
CHN,China,2007,0.6643,73.0
CHN,China,2008,0.6878,57.0
CHN,China,2009,0.6907,60.0
CHN,China,2010,0.6881,61.0
CHN,China,2011,0.6866,61.0
CHN,China,2012,0.6853,69.0
CHN,China,2013,0.6908,69.0
CHN,China,2014,0.6829999999999999,87.0
CHN,China,2015,0.682,91.0
CHN,China,2016,0.6759999999999999,99.0
CHN,China,2018,0.6729999999999999,103.0
CIV,Cote d'Ivoire,2010,0.5691,130.0
CIV,Cote d'Ivoire,2011,0.5773,130.0
CIV,Cote d'Ivoire,2012,0.5785,130.0
CIV,Cote d'Ivoire,2013,0.5814,131.0
CIV,Cote d'Ivoire,2014,0.5874,136.0
CIV,Cote d'Ivoire,2015,0.606,133.0
CIV,Cote d'Ivoire,2016,0.597,136.0
CIV,Cote d'Ivoire,2018,0.627,131.0
CMR,Cameroon,2006,0.5865,103.0
CMR,Cameroon,2007,0.5919,116.0
CMR,Cameroon,2008,0.6017,117.0
CMR,Cameroon,2009,0.6108,118.0
CMR,Cameroon,2010,0.611,114.0
CMR,Cameroon,2011,0.6073,119.0
CMR,Cameroon,2012,0.6291,112.0
CMR,Cameroon,2013,0.6559999999999999,100.0
CMR,Cameroon,2015,0.682,90.0
CMR,Cameroon,2016,0.684,85.0
CMR,Cameroon,2018,0.7140000000000001,57.0
CGO,"Congo, Dem. Rep.",2018,0.5820000000000001,144.0
COL,Colombia,2006,0.7049,22.0
COL,Colombia,2007,0.7090000000000001,24.0
COL,Colombia,2008,0.6944,50.0
COL,Colombia,2009,0.6939,56.0
COL,Colombia,2010,0.6927,55.0
COL,Colombia,2011,0.6714,80.0
COL,Colombia,2012,0.6901,63.0
COL,Colombia,2013,0.7171,35.0
COL,Colombia,2014,0.7122,53.0
COL,Colombia,2015,0.725,42.0
COL,Colombia,2016,0.727,39.0
COL,Colombia,2018,0.7290000000000001,40.0
CPV,Cabo Verde,2012,0.718,35.0
CPV,Cabo Verde,2013,0.7122,41.0
CPV,Cabo Verde,2014,0.7133,50.0
CPV,Cabo Verde,2015,0.7170000000000001,50.0
CPV,Cabo Verde,2016,0.7290000000000001,36.0
CPV,Cabo Verde,2018,0.7020000000000001,72.0
CRC,Costa Rica,2006,0.6936,30.0
CRC,Costa Rica,2007,0.7014,28.0
CRC,Costa Rica,2008,0.7111,32.0
CRC,Costa Rica,2009,0.718,27.0
CRC,Costa Rica,2010,0.7194,28.0
CRC,Costa Rica,2011,0.7266,25.0
CRC,Costa Rica,2012,0.7225,29.0
CRC,Costa Rica,2013,0.7241,31.0
CRC,Costa Rica,2014,0.7165,48.0
CRC,Costa Rica,2015,0.732,38.0
CRC,Costa Rica,2016,0.736,32.0
CRC,Costa Rica,2018,0.7490000000000001,22.0
CUB,Cuba,2007,0.7169,22.0
CUB,Cuba,2008,0.7195,25.0
CUB,Cuba,2009,0.7176,29.0
CUB,Cuba,2010,0.7253,24.0
CUB,Cuba,2011,0.7394,20.0
CUB,Cuba,2012,0.7417,19.0
CUB,Cuba,2013,0.754,15.0
CUB,Cuba,2014,0.7317,30.0
CUB,Cuba,2015,0.74,29.0
CUB,Cuba,2016,0.74,27.0
CUB,Cuba,2018,0.7490000000000001,23.0
CYP,Cyprus,2006,0.643,83.0
CYP,Cyprus,2007,0.6522,82.0
CYP,Cyprus,2008,0.6694,76.0
CYP,Cyprus,2009,0.6706,79.0
CYP,Cyprus,2010,0.6642,86.0
CYP,Cyprus,2011,0.6567,93.0
CYP,Cyprus,2012,0.6732,79.0
CYP,Cyprus,2013,0.6801,79.0
CYP,Cyprus,2014,0.6741,95.0
CYP,Cyprus,2015,0.6709999999999999,100.0
CYP,Cyprus,2016,0.684,84.0
CYP,Cyprus,2018,0.684,92.0
CZE,Czech Republic,2006,0.6712,53.0
CZE,Czech Republic,2007,0.6718,64.0
CZE,Czech Republic,2008,0.677,69.0
CZE,Czech Republic,2009,0.6789,74.0
CZE,Czech Republic,2010,0.685,65.0
CZE,Czech Republic,2011,0.6789,75.0
CZE,Czech Republic,2012,0.6767,73.0
CZE,Czech Republic,2013,0.677,83.0
CZE,Czech Republic,2014,0.6737,96.0
CZE,Czech Republic,2015,0.687,81.0
CZE,Czech Republic,2016,0.69,77.0
CZE,Czech Republic,2018,0.693,82.0
GER,Germany,2006,0.7524,5.0
GER,Germany,2007,0.7618,7.0
GER,Germany,2008,0.7394,11.0
GER,Germany,2009,0.7449,12.0
GER,Germany,2010,0.753,13.0
GER,Germany,2011,0.759,11.0
GER,Germany,2012,0.7629,13.0
GER,Germany,2013,0.7583,14.0
GER,Germany,2014,0.778,12.0
GER,Germany,2015,0.779,11.0
GER,Germany,2016,0.7659999999999999,13.0
GER,Germany,2018,0.7759999999999999,14.0
DEN,Denmark,2006,0.7462,8.0
DEN,Denmark,2007,0.7519,8.0
DEN,Denmark,2008,0.7538,7.0
DEN,Denmark,2009,0.7628,7.0
DEN,Denmark,2010,0.7719,7.0
DEN,Denmark,2011,0.7778,7.0
DEN,Denmark,2012,0.7777,7.0
DEN,Denmark,2013,0.7779,8.0
DEN,Denmark,2014,0.8025,5.0
DEN,Denmark,2015,0.767,14.0
DEN,Denmark,2016,0.754,19.0
DEN,Denmark,2018,0.778,13.0
DOM,Dominican Republic,2006,0.6639,59.0
DOM,Dominican Republic,2007,0.6705,65.0
DOM,Dominican Republic,2008,0.6744,72.0
DOM,Dominican Republic,2009,0.6859,67.0
DOM,Dominican Republic,2010,0.6774,73.0
DOM,Dominican Republic,2011,0.6682,81.0
DOM,Dominican Republic,2012,0.6659,89.0
DOM,Dominican Republic,2013,0.6867,72.0
DOM,Dominican Republic,2014,0.6906,78.0
DOM,Dominican Republic,2015,0.6859999999999999,86.0
DOM,Dominican Republic,2016,0.6759999999999999,97.0
DOM,Dominican Republic,2018,0.701,74.0
ALG,Algeria,2006,0.6018,97.0
ALG,Algeria,2007,0.6068,108.0
ALG,Algeria,2008,0.6111,111.0
ALG,Algeria,2009,0.6119,117.0
ALG,Algeria,2010,0.6052,119.0
ALG,Algeria,2011,0.5991,121.0
ALG,Algeria,2012,0.6112,120.0
ALG,Algeria,2013,0.5966,124.0
ALG,Algeria,2014,0.6182,126.0
ALG,Algeria,2015,0.632,128.0
ALG,Algeria,2016,0.642,120.0
ALG,Algeria,2018,0.629,128.0
ECU,Ecuador,2006,0.6433,82.0
ECU,Ecuador,2007,0.6881,44.0
ECU,Ecuador,2008,0.7091,35.0
ECU,Ecuador,2009,0.722,23.0
ECU,Ecuador,2010,0.7072,40.0
ECU,Ecuador,2011,0.7035,45.0
ECU,Ecuador,2012,0.7206,33.0
ECU,Ecuador,2013,0.7389,25.0
ECU,Ecuador,2014,0.7455,21.0
ECU,Ecuador,2015,0.738,33.0
ECU,Ecuador,2016,0.726,40.0
ECU,Ecuador,2018,0.7290000000000001,41.0
EGY,"Egypt, Arab Rep.",2006,0.5785,109.0
EGY,"Egypt, Arab Rep.",2007,0.5809,120.0
EGY,"Egypt, Arab Rep.",2008,0.5832,124.0
EGY,"Egypt, Arab Rep.",2009,0.5862,126.0
EGY,"Egypt, Arab Rep.",2010,0.5899,125.0
EGY,"Egypt, Arab Rep.",2011,0.5933,123.0
EGY,"Egypt, Arab Rep.",2012,0.5975,126.0
EGY,"Egypt, Arab Rep.",2013,0.5935,125.0
EGY,"Egypt, Arab Rep.",2014,0.6064,129.0
EGY,"Egypt, Arab Rep.",2015,0.599,136.0
EGY,"Egypt, Arab Rep.",2016,0.614,132.0
EGY,"Egypt, Arab Rep.",2018,0.614,135.0
ESP,Spain,2006,0.7319,11.0
ESP,Spain,2007,0.7444,10.0
ESP,Spain,2008,0.7281,17.0
ESP,Spain,2009,0.7345,17.0
ESP,Spain,2010,0.7554,11.0
ESP,Spain,2011,0.758,12.0
ESP,Spain,2012,0.7266,26.0
ESP,Spain,2013,0.7266,30.0
ESP,Spain,2014,0.7325,29.0
ESP,Spain,2015,0.742,25.0
ESP,Spain,2016,0.738,29.0
ESP,Spain,2018,0.746,29.0
EST,Estonia,2006,0.6944,29.0
EST,Estonia,2007,0.7008,30.0
EST,Estonia,2008,0.7076,37.0
EST,Estonia,2009,0.7094,37.0
EST,Estonia,2010,0.7018,47.0
EST,Estonia,2011,0.6983,52.0
EST,Estonia,2012,0.6977,60.0
EST,Estonia,2013,0.6997,59.0
EST,Estonia,2014,0.7017,62.0
EST,Estonia,2015,0.7490000000000001,21.0
EST,Estonia,2016,0.747,22.0
EST,Estonia,2018,0.7340000000000001,33.0
ETH,Ethiopia,2006,0.5945,100.0
ETH,Ethiopia,2007,0.5991,113.0
ETH,Ethiopia,2008,0.5867,122.0
ETH,Ethiopia,2009,0.5948,122.0
ETH,Ethiopia,2010,0.6019,121.0
ETH,Ethiopia,2011,0.6136,116.0
ETH,Ethiopia,2012,0.62,118.0
ETH,Ethiopia,2013,0.6198,118.0
ETH,Ethiopia,2014,0.6144,127.0
ETH,Ethiopia,2015,0.64,124.0
ETH,Ethiopia,2016,0.662,109.0
ETH,Ethiopia,2018,0.6559999999999999,117.0
FIN,Finland,2006,0.7958,3.0
FIN,Finland,2007,0.8044,3.0
FIN,Finland,2008,0.8195,2.0
FIN,Finland,2009,0.8252,2.0
FIN,Finland,2010,0.826,3.0
FIN,Finland,2011,0.8383,3.0
FIN,Finland,2012,0.8451,2.0
FIN,Finland,2013,0.8421,2.0
FIN,Finland,2014,0.8453,2.0
FIN,Finland,2015,0.85,3.0
FIN,Finland,2016,0.845,2.0
FIN,Finland,2018,0.821,4.0
FIJ,Fiji,2009,0.6414,103.0
FIJ,Fiji,2010,0.6256,108.0
FIJ,Fiji,2011,0.6255,109.0
FIJ,Fiji,2012,0.6285,113.0
FIJ,Fiji,2013,0.6286,117.0
FIJ,Fiji,2014,0.6286,122.0
FIJ,Fiji,2015,0.645,121.0
FIJ,Fiji,2018,0.669,106.0
FRA,France,2006,0.652,70.0
FRA,France,2007,0.6824,51.0
FRA,France,2008,0.7341,15.0
FRA,France,2009,0.7331,18.0
FRA,France,2010,0.7025,46.0
FRA,France,2011,0.7018,48.0
FRA,France,2012,0.6984,57.0
FRA,France,2013,0.7089,45.0
FRA,France,2014,0.7588,16.0
FRA,France,2015,0.7609999999999999,15.0
FRA,France,2016,0.755,17.0
FRA,France,2018,0.779,12.0
ENG,United Kingdom,2006,0.7365,9.0
ENG,United Kingdom,2007,0.7441,11.0
ENG,United Kingdom,2008,0.7366,13.0
ENG,United Kingdom,2009,0.7402,15.0
ENG,United Kingdom,2010,0.746,15.0
ENG,United Kingdom,2011,0.7462,16.0
ENG,United Kingdom,2012,0.7433,18.0
ENG,United Kingdom,2013,0.7440000000000001,18.0
ENG,United Kingdom,2014,0.7383,26.0
ENG,United Kingdom,2015,0.758,18.0
ENG,United Kingdom,2016,0.752,20.0
ENG,United Kingdom,2018,0.774,15.0
GEO,Georgia,2006,0.67,54.0
GEO,Georgia,2007,0.6665,67.0
GEO,Georgia,2008,0.6654,82.0
GEO,Georgia,2009,0.6679999999999999,83.0
GEO,Georgia,2010,0.6598,88.0
GEO,Georgia,2011,0.6624,86.0
GEO,Georgia,2012,0.6691,85.0
GEO,Georgia,2013,0.675,86.0
GEO,Georgia,2014,0.6855,85.0
GEO,Georgia,2015,0.687,82.0
GEO,Georgia,2016,0.6809999999999999,90.0
GEO,Georgia,2018,0.677,99.0
GHA,Ghana,2006,0.6652,58.0
GHA,Ghana,2007,0.6725,63.0
GHA,Ghana,2008,0.6679,77.0
GHA,Ghana,2009,0.6704,80.0
GHA,Ghana,2010,0.6782,70.0
GHA,Ghana,2011,0.6811,70.0
GHA,Ghana,2012,0.6778,71.0
GHA,Ghana,2013,0.6811,76.0
GHA,Ghana,2014,0.6661,101.0
GHA,Ghana,2015,0.7040000000000001,63.0
GHA,Ghana,2016,0.705,59.0
GHA,Ghana,2018,0.688,89.0
GUI,Guinea,2014,0.6005,132.0
GUI,Guinea,2015,0.618,131.0
GUI,Guinea,2016,0.64,122.0
GUI,Guinea,2018,0.6559999999999999,116.0
GAM,"Gambia, The",2006,0.6446,80.0
GAM,"Gambia, The",2007,0.6421,95.0
GAM,"Gambia, The",2008,0.6622,85.0
GAM,"Gambia, The",2009,0.6752,75.0
GAM,"Gambia, The",2010,0.6762,75.0
GAM,"Gambia, The",2011,0.6763,77.0
GAM,"Gambia, The",2012,0.6629999999999999,93.0
GAM,"Gambia, The",2015,0.674,98.0
GAM,"Gambia, The",2016,0.667,104.0
GAM,"Gambia, The",2018,0.642,120.0
GRE,Greece,2006,0.654,69.0
GRE,Greece,2007,0.6648,72.0
GRE,Greece,2008,0.6727,75.0
GRE,Greece,2009,0.6662,85.0
GRE,Greece,2010,0.6908,58.0
GRE,Greece,2011,0.6916,56.0
GRE,Greece,2012,0.6716,82.0
GRE,Greece,2013,0.6782,81.0
GRE,Greece,2014,0.6784,91.0
GRE,Greece,2015,0.685,87.0
GRE,Greece,2016,0.68,92.0
GRE,Greece,2018,0.696,78.0
GUA,Guatemala,2006,0.6066,95.0
GUA,Guatemala,2007,0.6144,106.0
GUA,Guatemala,2008,0.6072,112.0
GUA,Guatemala,2009,0.6209,111.0
GUA,Guatemala,2010,0.6238,109.0
GUA,Guatemala,2011,0.6229,112.0
GUA,Guatemala,2012,0.626,116.0
GUA,Guatemala,2013,0.6304,114.0
GUA,Guatemala,2014,0.6821,89.0
GUA,Guatemala,2015,0.667,106.0
GUA,Guatemala,2016,0.6659999999999999,105.0
GUA,Guatemala,2018,0.6679999999999999,107.0
GUY,Guyana,2009,0.7108,35.0
GUY,Guyana,2010,0.7090000000000001,38.0
GUY,Guyana,2011,0.7084,38.0
GUY,Guyana,2012,0.7119,42.0
GUY,Guyana,2013,0.7085,48.0
GUY,Guyana,2014,0.701,64.0
GUY,Guyana,2015,0.7020000000000001,66.0
HON,Honduras,2006,0.6483,74.0
HON,Honduras,2007,0.6661,68.0
HON,Honduras,2008,0.696,47.0
HON,Honduras,2009,0.6893,62.0
HON,Honduras,2010,0.6927,54.0
HON,Honduras,2011,0.6945,54.0
HON,Honduras,2012,0.6763,74.0
HON,Honduras,2013,0.6773,82.0
HON,Honduras,2014,0.6935,73.0
HON,Honduras,2015,0.688,80.0
HON,Honduras,2016,0.69,78.0
HON,Honduras,2018,0.706,68.0
CRO,Croatia,2006,0.7145,16.0
CRO,Croatia,2007,0.721,16.0
CRO,Croatia,2008,0.6967,46.0
CRO,Croatia,2009,0.6944,54.0
CRO,Croatia,2010,0.6939,53.0
CRO,Croatia,2011,0.7006,50.0
CRO,Croatia,2012,0.7053,49.0
CRO,Croatia,2013,0.7069,49.0
CRO,Croatia,2014,0.7075,55.0
CRO,Croatia,2015,0.708,59.0
CRO,Croatia,2016,0.7,68.0
CRO,Croatia,2018,0.7120000000000001,59.0
HUN,Hungary,2006,0.6698,55.0
HUN,Hungary,2007,0.6731,61.0
HUN,Hungary,2008,0.6867,60.0
HUN,Hungary,2009,0.6879,65.0
HUN,Hungary,2010,0.672,79.0
HUN,Hungary,2011,0.6642,85.0
HUN,Hungary,2012,0.6718,81.0
HUN,Hungary,2013,0.6742,87.0
HUN,Hungary,2014,0.6759,93.0
HUN,Hungary,2015,0.672,99.0
HUN,Hungary,2016,0.669,101.0
HUN,Hungary,2018,0.674,102.0
IDN,Indonesia,2006,0.6541,68.0
IDN,Indonesia,2007,0.655,81.0
IDN,Indonesia,2008,0.6473,93.0
IDN,Indonesia,2009,0.6579999999999999,92.0
IDN,Indonesia,2010,0.6615,87.0
IDN,Indonesia,2011,0.6594,90.0
IDN,Indonesia,2012,0.6591,97.0
IDN,Indonesia,2013,0.6613,95.0
IDN,Indonesia,2014,0.6725,97.0
IDN,Indonesia,2015,0.6809999999999999,92.0
IDN,Indonesia,2016,0.682,88.0
IDN,Indonesia,2018,0.691,85.0
IND,India,2006,0.601,98.0
IND,India,2007,0.5936,114.0
IND,India,2008,0.606,113.0
IND,India,2009,0.6151,114.0
IND,India,2010,0.6155,112.0
IND,India,2011,0.619,113.0
IND,India,2012,0.6442,105.0
IND,India,2013,0.6551,101.0
IND,India,2014,0.6455,114.0
IND,India,2015,0.664,108.0
IND,India,2016,0.6829999999999999,87.0
IND,India,2018,0.665,108.0
IRL,Ireland,2006,0.7335,10.0
IRL,Ireland,2007,0.7457,9.0
IRL,Ireland,2008,0.7518,8.0
IRL,Ireland,2009,0.7597,8.0
IRL,Ireland,2010,0.7773,6.0
IRL,Ireland,2011,0.7829999999999999,5.0
IRL,Ireland,2012,0.7839,5.0
IRL,Ireland,2013,0.7823,6.0
IRL,Ireland,2014,0.785,8.0
IRL,Ireland,2015,0.807,5.0
IRL,Ireland,2016,0.797,6.0
IRL,Ireland,2018,0.7959999999999999,9.0
IRN,"Iran, Islamic Rep.",2006,0.5802,108.0
IRN,"Iran, Islamic Rep.",2007,0.5903,118.0
IRN,"Iran, Islamic Rep.",2008,0.6021,116.0
IRN,"Iran, Islamic Rep.",2009,0.5839,128.0
IRN,"Iran, Islamic Rep.",2010,0.5933,123.0
IRN,"Iran, Islamic Rep.",2011,0.5894,125.0
IRN,"Iran, Islamic Rep.",2012,0.5927,127.0
IRN,"Iran, Islamic Rep.",2013,0.5842,130.0
IRN,"Iran, Islamic Rep.",2014,0.5811,137.0
IRN,"Iran, Islamic Rep.",2015,0.58,141.0
IRN,"Iran, Islamic Rep.",2016,0.5870000000000001,139.0
IRN,"Iran, Islamic Rep.",2018,0.589,142.0
IRQ,Iraq,2018,0.551,147.0
ISL,Iceland,2006,0.7813,4.0
ISL,Iceland,2007,0.7836,4.0
ISL,Iceland,2008,0.7999,4.0
ISL,Iceland,2009,0.8276,1.0
ISL,Iceland,2010,0.8496,1.0
ISL,Iceland,2011,0.853,1.0
ISL,Iceland,2012,0.8640000000000001,1.0
ISL,Iceland,2013,0.8731,1.0
ISL,Iceland,2014,0.8594,1.0
ISL,Iceland,2015,0.8809999999999999,1.0
ISL,Iceland,2016,0.8740000000000001,1.0
ISL,Iceland,2018,0.858,1.0
ISR,Israel,2006,0.6889,35.0
ISR,Israel,2007,0.6965,36.0
ISR,Israel,2008,0.69,56.0
ISR,Israel,2009,0.7019,45.0
ISR,Israel,2010,0.6957,52.0
ISR,Israel,2011,0.6926,55.0
ISR,Israel,2012,0.6989,56.0
ISR,Israel,2013,0.7032,53.0
ISR,Israel,2014,0.7005,65.0
ISR,Israel,2015,0.7120000000000001,53.0
ISR,Israel,2016,0.7190000000000001,49.0
ISR,Israel,2018,0.722,46.0
ITA,Italy,2006,0.6456,77.0
ITA,Italy,2007,0.6498,84.0
ITA,Italy,2008,0.6788,67.0
ITA,Italy,2009,0.6798,72.0
ITA,Italy,2010,0.6765,74.0
ITA,Italy,2011,0.6796,74.0
ITA,Italy,2012,0.6729,80.0
ITA,Italy,2013,0.6885,71.0
ITA,Italy,2014,0.6973,69.0
ITA,Italy,2015,0.726,41.0
ITA,Italy,2016,0.7190000000000001,50.0
ITA,Italy,2018,0.706,70.0
JAM,Jamaica,2006,0.7014,25.0
JAM,Jamaica,2007,0.6925,39.0
JAM,Jamaica,2008,0.698,44.0
JAM,Jamaica,2009,0.7013,48.0
JAM,Jamaica,2010,0.7037,44.0
JAM,Jamaica,2011,0.7028,47.0
JAM,Jamaica,2012,0.7035,51.0
JAM,Jamaica,2013,0.7085,47.0
JAM,Jamaica,2014,0.7128,52.0
JAM,Jamaica,2015,0.703,65.0
JAM,Jamaica,2016,0.7240000000000001,42.0
JAM,Jamaica,2018,0.7240000000000001,44.0
JOR,Jordan,2006,0.6109,93.0
JOR,Jordan,2007,0.6203,104.0
JOR,Jordan,2008,0.6275,104.0
JOR,Jordan,2009,0.6182,113.0
JOR,Jordan,2010,0.6048,120.0
JOR,Jordan,2011,0.6117,117.0
JOR,Jordan,2012,0.6103,121.0
JOR,Jordan,2013,0.6093,119.0
JOR,Jordan,2014,0.5968,134.0
JOR,Jordan,2015,0.593,140.0
JOR,Jordan,2016,0.603,134.0
JOR,Jordan,2018,0.605,138.0
JPN,Japan,2006,0.6447,79.0
JPN,Japan,2007,0.6455,91.0
JPN,Japan,2008,0.6434,98.0
JPN,Japan,2009,0.6445,101.0
JPN,Japan,2010,0.6524,94.0
JPN,Japan,2011,0.6514,98.0
JPN,Japan,2012,0.653,101.0
JPN,Japan,2013,0.6498,105.0
JPN,Japan,2014,0.6584,104.0
JPN,Japan,2015,0.67,101.0
JPN,Japan,2016,0.66,111.0
JPN,Japan,2018,0.662,110.0
KAZ,Kazakhstan,2006,0.6928,32.0
KAZ,Kazakhstan,2007,0.6983,32.0
KAZ,Kazakhstan,2008,0.6976,45.0
KAZ,Kazakhstan,2009,0.7013,47.0
KAZ,Kazakhstan,2010,0.7055,41.0
KAZ,Kazakhstan,2011,0.701,49.0
KAZ,Kazakhstan,2012,0.7213,31.0
KAZ,Kazakhstan,2013,0.7218,32.0
KAZ,Kazakhstan,2014,0.721,43.0
KAZ,Kazakhstan,2015,0.7190000000000001,47.0
KAZ,Kazakhstan,2016,0.718,51.0
KAZ,Kazakhstan,2018,0.7120000000000001,60.0
KEN,Kenya,2006,0.6485,73.0
KEN,Kenya,2007,0.6508,83.0
KEN,Kenya,2008,0.6547,88.0
KEN,Kenya,2009,0.6512,97.0
KEN,Kenya,2010,0.6499,96.0
KEN,Kenya,2011,0.6493,99.0
KEN,Kenya,2012,0.6768,72.0
KEN,Kenya,2013,0.6803,78.0
KEN,Kenya,2014,0.7258,37.0
KEN,Kenya,2015,0.7190000000000001,48.0
KEN,Kenya,2016,0.7020000000000001,63.0
KEN,Kenya,2018,0.7,76.0
KGZ,Kyrgyz Republic,2006,0.6741,52.0
KGZ,Kyrgyz Republic,2007,0.6653,70.0
KGZ,Kyrgyz Republic,2008,0.7045,41.0
KGZ,Kyrgyz Republic,2009,0.7058,41.0
KGZ,Kyrgyz Republic,2010,0.6973,51.0
KGZ,Kyrgyz Republic,2011,0.7036,44.0
KGZ,Kyrgyz Republic,2012,0.7013,54.0
KGZ,Kyrgyz Republic,2013,0.6948,63.0
KGZ,Kyrgyz Republic,2014,0.6974,67.0
KGZ,Kyrgyz Republic,2015,0.693,76.0
KGZ,Kyrgyz Republic,2016,0.687,81.0
KGZ,Kyrgyz Republic,2018,0.691,86.0
CAM,Cambodia,2006,0.629,89.0
CAM,Cambodia,2007,0.6353,98.0
CAM,Cambodia,2008,0.6469,94.0
CAM,Cambodia,2009,0.6409999999999999,104.0
CAM,Cambodia,2010,0.6482,97.0
CAM,Cambodia,2011,0.6464,102.0
CAM,Cambodia,2012,0.6457,103.0
CAM,Cambodia,2013,0.6509,104.0
CAM,Cambodia,2014,0.652,108.0
CAM,Cambodia,2015,0.662,109.0
CAM,Cambodia,2016,0.6579999999999999,112.0
CAM,Cambodia,2018,0.6829999999999999,93.0
KOR,"Korea, Rep.",2006,0.6157,92.0
KOR,"Korea, Rep.",2007,0.6409,97.0
KOR,"Korea, Rep.",2008,0.6154,108.0
KOR,"Korea, Rep.",2009,0.6146,115.0
KOR,"Korea, Rep.",2010,0.6342,104.0
KOR,"Korea, Rep.",2011,0.6281,107.0
KOR,"Korea, Rep.",2012,0.6356,108.0
KOR,"Korea, Rep.",2013,0.6351,111.0
KOR,"Korea, Rep.",2014,0.6403,117.0
KOR,"Korea, Rep.",2015,0.6509999999999999,115.0
KOR,"Korea, Rep.",2016,0.649,116.0
KOR,"Korea, Rep.",2018,0.657,115.0
KUW,Kuwait,2006,0.6341,86.0
KUW,Kuwait,2007,0.6409,96.0
KUW,Kuwait,2008,0.6358,101.0
KUW,Kuwait,2009,0.6356,105.0
KUW,Kuwait,2010,0.6318,105.0
KUW,Kuwait,2011,0.6322,105.0
KUW,Kuwait,2012,0.632,109.0
KUW,Kuwait,2013,0.6292,116.0
KUW,Kuwait,2014,0.6457,113.0
KUW,Kuwait,2015,0.6459999999999999,117.0
KUW,Kuwait,2016,0.624,128.0
KUW,Kuwait,2018,0.63,126.0
LAO,Lao PDR,2013,0.6993,60.0
LAO,Lao PDR,2014,0.7044,60.0
LAO,Lao PDR,2015,0.713,52.0
LAO,Lao PDR,2016,0.7240000000000001,43.0
LAO,Lao PDR,2018,0.748,26.0
LIB,Lebanon,2010,0.6084,116.0
LIB,Lebanon,2011,0.6083,118.0
LIB,Lebanon,2012,0.603,122.0
LIB,Lebanon,2013,0.6028,123.0
LIB,Lebanon,2014,0.5923,135.0
LIB,Lebanon,2015,0.598,138.0
LIB,Lebanon,2016,0.598,135.0
LIB,Lebanon,2018,0.595,140.0
LBR,Liberia,2014,0.6461,111.0
LBR,Liberia,2015,0.652,112.0
LBR,Liberia,2016,0.652,114.0
LBR,Liberia,2018,0.6809999999999999,96.0
SRI,Sri Lanka,2006,0.7199,13.0
SRI,Sri Lanka,2007,0.723,15.0
SRI,Sri Lanka,2008,0.7371,12.0
SRI,Sri Lanka,2009,0.7402,16.0
SRI,Sri Lanka,2010,0.7458,16.0
SRI,Sri Lanka,2011,0.7212,31.0
SRI,Sri Lanka,2012,0.7122,39.0
SRI,Sri Lanka,2013,0.7019,55.0
SRI,Sri Lanka,2014,0.6903,79.0
SRI,Sri Lanka,2015,0.6859999999999999,84.0
SRI,Sri Lanka,2016,0.6729999999999999,100.0
SRI,Sri Lanka,2018,0.6759999999999999,100.0
LES,Lesotho,2006,0.6807,43.0
LES,Lesotho,2007,0.7078,26.0
LES,Lesotho,2008,0.732,16.0
LES,Lesotho,2009,0.7495,10.0
LES,Lesotho,2010,0.7678,8.0
LES,Lesotho,2011,0.7666,9.0
LES,Lesotho,2012,0.7608,14.0
LES,Lesotho,2013,0.753,16.0
LES,Lesotho,2014,0.7255,38.0
LES,Lesotho,2015,0.706,61.0
LES,Lesotho,2016,0.706,57.0
LES,Lesotho,2018,0.693,81.0
LTU,Lithuania,2006,0.7077,21.0
LTU,Lithuania,2007,0.7234,14.0
LTU,Lithuania,2008,0.7222,23.0
LTU,Lithuania,2009,0.7175,30.0
LTU,Lithuania,2010,0.7132,35.0
LTU,Lithuania,2011,0.7131,37.0
LTU,Lithuania,2012,0.7191,34.0
LTU,Lithuania,2013,0.7308,28.0
LTU,Lithuania,2014,0.7208,44.0
LTU,Lithuania,2015,0.74,31.0
LTU,Lithuania,2016,0.7440000000000001,25.0
LTU,Lithuania,2018,0.7490000000000001,24.0
LUX,Luxembourg,2006,0.6671,56.0
LUX,Luxembourg,2007,0.6786,58.0
LUX,Luxembourg,2008,0.6802,66.0
LUX,Luxembourg,2009,0.6889,63.0
LUX,Luxembourg,2010,0.7231,26.0
LUX,Luxembourg,2011,0.7216,30.0
LUX,Luxembourg,2012,0.7439,17.0
LUX,Luxembourg,2013,0.741,21.0
LUX,Luxembourg,2014,0.7333,28.0
LUX,Luxembourg,2015,0.738,32.0
LUX,Luxembourg,2016,0.7340000000000001,34.0
LUX,Luxembourg,2018,0.7120000000000001,61.0
LVA,Latvia,2006,0.7091,19.0
LVA,Latvia,2007,0.7333,13.0
LVA,Latvia,2008,0.7397,10.0
LVA,Latvia,2009,0.7416,14.0
LVA,Latvia,2010,0.7429,18.0
LVA,Latvia,2011,0.7399,19.0
LVA,Latvia,2012,0.7572,15.0
LVA,Latvia,2013,0.7609999999999999,12.0
LVA,Latvia,2014,0.7691,15.0
LVA,Latvia,2015,0.752,20.0
LVA,Latvia,2016,0.755,18.0
LVA,Latvia,2018,0.758,17.0
MAR,Morocco,2006,0.5826,107.0
MAR,Morocco,2007,0.5676,122.0
MAR,Morocco,2008,0.5757,125.0
MAR,Morocco,2009,0.5926,124.0
MAR,Morocco,2010,0.5767,127.0
MAR,Morocco,2011,0.5804,129.0
MAR,Morocco,2012,0.5833,129.0
MAR,Morocco,2013,0.5845,129.0
MAR,Morocco,2014,0.5988,133.0
MAR,Morocco,2015,0.593,139.0
MAR,Morocco,2016,0.597,137.0
MAR,Morocco,2018,0.607,137.0
MDA,Moldova,2006,0.7128,17.0
MDA,Moldova,2007,0.7172,21.0
MDA,Moldova,2008,0.7244,20.0
MDA,Moldova,2009,0.7104,36.0
MDA,Moldova,2010,0.716,34.0
MDA,Moldova,2011,0.7083,39.0
MDA,Moldova,2012,0.7101,45.0
MDA,Moldova,2013,0.7037,52.0
MDA,Moldova,2014,0.7405,25.0
MDA,Moldova,2015,0.742,26.0
MDA,Moldova,2016,0.741,26.0
MDA,Moldova,2018,0.733,35.0
MAD,Madagascar,2006,0.6385,84.0
MAD,Madagascar,2007,0.6461,89.0
MAD,Madagascar,2008,0.6736,74.0
MAD,Madagascar,2009,0.6732,77.0
MAD,Madagascar,2010,0.6713,80.0
MAD,Madagascar,2011,0.6797,71.0
MAD,Madagascar,2012,0.6982,58.0
MAD,Madagascar,2013,0.7016,56.0
MAD,Madagascar,2014,0.7214,41.0
MAD,Madagascar,2015,0.698,74.0
MAD,Madagascar,2016,0.7040000000000001,60.0
MAD,Madagascar,2018,0.691,84.0
MDV,Maldives,2007,0.635,99.0
MDV,Maldives,2008,0.6501,91.0
MDV,Maldives,2009,0.6482,99.0
MDV,Maldives,2010,0.6452,99.0
MDV,Maldives,2011,0.648,101.0
MDV,Maldives,2012,0.6616,95.0
MDV,Maldives,2013,0.6604,97.0
MDV,Maldives,2014,0.6557,105.0
MDV,Maldives,2015,0.652,113.0
MDV,Maldives,2016,0.65,115.0
MDV,Maldives,2018,0.662,113.0
MEX,Mexico,2006,0.6462,75.0
MEX,Mexico,2007,0.6441,93.0
MEX,Mexico,2008,0.6441,97.0
MEX,Mexico,2009,0.6503,98.0
MEX,Mexico,2010,0.6577,91.0
MEX,Mexico,2011,0.6604,89.0
MEX,Mexico,2012,0.6712,84.0
MEX,Mexico,2013,0.6917,68.0
MEX,Mexico,2014,0.69,80.0
MEX,Mexico,2015,0.6990000000000001,71.0
MEX,Mexico,2016,0.7,66.0
MEX,Mexico,2018,0.721,50.0
MKD,"Macedonia, FYR",2006,0.6983,28.0
MKD,"Macedonia, FYR",2007,0.6967,35.0
MKD,"Macedonia, FYR",2008,0.6914,53.0
MKD,"Macedonia, FYR",2009,0.695,53.0
MKD,"Macedonia, FYR",2010,0.6996,49.0
MKD,"Macedonia, FYR",2011,0.6966,53.0
MKD,"Macedonia, FYR",2012,0.6968,61.0
MKD,"Macedonia, FYR",2013,0.7013,57.0
MKD,"Macedonia, FYR",2014,0.6943,70.0
MKD,"Macedonia, FYR",2015,0.701,69.0
MKD,"Macedonia, FYR",2016,0.696,73.0
MKD,"Macedonia, FYR",2018,0.7070000000000001,66.0
MLI,Mali,2006,0.5994,99.0
MLI,Mali,2007,0.6019,112.0
MLI,Mali,2008,0.6117,109.0
MLI,Mali,2009,0.586,127.0
MLI,Mali,2010,0.568,131.0
MLI,Mali,2011,0.5752,132.0
MLI,Mali,2012,0.5842,128.0
MLI,Mali,2013,0.5872,128.0
MLI,Mali,2014,0.5779,138.0
MLI,Mali,2015,0.599,137.0
MLI,Mali,2016,0.591,138.0
MLI,Mali,2018,0.5820000000000001,143.0
MLT,Malta,2006,0.6518,71.0
MLT,Malta,2007,0.6615,76.0
MLT,Malta,2008,0.6634,83.0
MLT,Malta,2009,0.6635,88.0
MLT,Malta,2010,0.6695,83.0
MLT,Malta,2011,0.6658,83.0
MLT,Malta,2012,0.6666,88.0
MLT,Malta,2013,0.6761,84.0
MLT,Malta,2014,0.6707,99.0
MLT,Malta,2015,0.6679999999999999,104.0
MLT,Malta,2016,0.664,108.0
MLT,Malta,2018,0.6859999999999999,91.0
MYA,Myanmar,2018,0.69,88.0
MNE,Montenegro,2014,0.6934,74.0
MNE,Montenegro,2015,0.6890000000000001,79.0
MNE,Montenegro,2016,0.6809999999999999,89.0
MNE,Montenegro,2018,0.706,69.0
MNG,Mongolia,2006,0.6821,42.0
MNG,Mongolia,2007,0.6731,62.0
MNG,Mongolia,2008,0.7049,40.0
MNG,Mongolia,2009,0.7221,22.0
MNG,Mongolia,2010,0.7194,27.0
MNG,Mongolia,2011,0.7140000000000001,36.0
MNG,Mongolia,2012,0.7111,44.0
MNG,Mongolia,2013,0.7204,33.0
MNG,Mongolia,2014,0.7212,42.0
MNG,Mongolia,2015,0.7090000000000001,56.0
MNG,Mongolia,2016,0.705,58.0
MNG,Mongolia,2018,0.7140000000000001,58.0
MOZ,Mozambique,2007,0.6883,43.0
MOZ,Mozambique,2008,0.7266,18.0
MOZ,Mozambique,2009,0.7195,26.0
MOZ,Mozambique,2010,0.7329,22.0
MOZ,Mozambique,2011,0.7251,26.0
MOZ,Mozambique,2012,0.735,23.0
MOZ,Mozambique,2013,0.7349,26.0
MOZ,Mozambique,2014,0.737,27.0
MOZ,Mozambique,2015,0.741,27.0
MOZ,Mozambique,2016,0.75,21.0
MOZ,Mozambique,2018,0.721,49.0
MTN,Mauritania,2006,0.5833,106.0
MTN,Mauritania,2007,0.6022,111.0
MTN,Mauritania,2008,0.6117,110.0
MTN,Mauritania,2009,0.6103,119.0
MTN,Mauritania,2010,0.6152,113.0
MTN,Mauritania,2011,0.6164,114.0
MTN,Mauritania,2012,0.6129,119.0
MTN,Mauritania,2013,0.581,132.0
MTN,Mauritania,2014,0.6029,131.0
MTN,Mauritania,2015,0.613,132.0
MTN,Mauritania,2016,0.624,129.0
MTN,Mauritania,2018,0.607,136.0
MRI,Mauritius,2006,0.6327,88.0
MRI,Mauritius,2007,0.6487,85.0
MRI,Mauritius,2008,0.6466,95.0
MRI,Mauritius,2009,0.6513,96.0
MRI,Mauritius,2010,0.652,95.0
MRI,Mauritius,2011,0.6529,95.0
MRI,Mauritius,2012,0.6547,98.0
MRI,Mauritius,2013,0.6599,98.0
MRI,Mauritius,2014,0.6541,106.0
MRI,Mauritius,2015,0.6459999999999999,120.0
MRI,Mauritius,2016,0.652,113.0
MRI,Mauritius,2018,0.6629999999999999,109.0
MWI,Malawi,2006,0.6435,81.0
MWI,Malawi,2007,0.648,87.0
MWI,Malawi,2008,0.6664,81.0
MWI,Malawi,2009,0.6738,76.0
MWI,Malawi,2010,0.6824,68.0
MWI,Malawi,2011,0.685,65.0
MWI,Malawi,2012,0.7166,36.0
MWI,Malawi,2013,0.7139,39.0
MWI,Malawi,2014,0.7281,34.0
MWI,Malawi,2015,0.701,68.0
MWI,Malawi,2016,0.7,67.0
MWI,Malawi,2018,0.662,112.0
MAS,Malaysia,2006,0.6509,72.0
MAS,Malaysia,2007,0.6444,92.0
MAS,Malaysia,2008,0.6442,96.0
MAS,Malaysia,2009,0.6467,100.0
MAS,Malaysia,2010,0.6479,98.0
MAS,Malaysia,2011,0.6525,97.0
MAS,Malaysia,2012,0.6539,100.0
MAS,Malaysia,2013,0.6518,102.0
MAS,Malaysia,2014,0.652,107.0
MAS,Malaysia,2015,0.655,111.0
MAS,Malaysia,2016,0.6659999999999999,106.0
MAS,Malaysia,2018,0.6759999999999999,101.0
NAM,Namibia,2006,0.6864,38.0
NAM,Namibia,2007,0.7012,29.0
NAM,Namibia,2008,0.7141,30.0
NAM,Namibia,2009,0.7167,32.0
NAM,Namibia,2010,0.7238,25.0
NAM,Namibia,2011,0.7177,32.0
NAM,Namibia,2012,0.7121,41.0
NAM,Namibia,2013,0.7094,44.0
NAM,Namibia,2014,0.7219,40.0
NAM,Namibia,2015,0.76,16.0
NAM,Namibia,2016,0.765,14.0
NAM,Namibia,2018,0.789,10.0
NGA,Nigeria,2006,0.6104,94.0
NGA,Nigeria,2007,0.6122,107.0
NGA,Nigeria,2008,0.6339,102.0
NGA,Nigeria,2009,0.628,108.0
NGA,Nigeria,2010,0.6055,118.0
NGA,Nigeria,2011,0.6011,120.0
NGA,Nigeria,2012,0.6315,110.0
NGA,Nigeria,2013,0.6469,106.0
NGA,Nigeria,2014,0.6391,118.0
NGA,Nigeria,2015,0.638,125.0
NGA,Nigeria,2016,0.643,118.0
NGA,Nigeria,2018,0.621,133.0
NCA,Nicaragua,2006,0.6566,62.0
NCA,Nicaragua,2007,0.6458,90.0
NCA,Nicaragua,2008,0.6747,71.0
NCA,Nicaragua,2009,0.7002,49.0
NCA,Nicaragua,2010,0.7176,30.0
NCA,Nicaragua,2011,0.7245,27.0
NCA,Nicaragua,2012,0.7697,9.0
NCA,Nicaragua,2013,0.7715,10.0
NCA,Nicaragua,2014,0.7894,6.0
NCA,Nicaragua,2015,0.7759999999999999,12.0
NCA,Nicaragua,2016,0.78,10.0
NCA,Nicaragua,2018,0.809,5.0
NED,Netherlands,2006,0.725,12.0
NED,Netherlands,2007,0.7383,12.0
NED,Netherlands,2008,0.7399,9.0
NED,Netherlands,2009,0.7490000000000001,11.0
NED,Netherlands,2010,0.7444,17.0
NED,Netherlands,2011,0.747,15.0
NED,Netherlands,2012,0.7659,11.0
NED,Netherlands,2013,0.7608,13.0
NED,Netherlands,2014,0.773,14.0
NED,Netherlands,2015,0.7759999999999999,13.0
NED,Netherlands,2016,0.7559999999999999,16.0
NED,Netherlands,2018,0.747,27.0
NOR,Norway,2006,0.7994,2.0
NOR,Norway,2007,0.8059,2.0
NOR,Norway,2008,0.8239,1.0
NOR,Norway,2009,0.8227,3.0
NOR,Norway,2010,0.8404,2.0
NOR,Norway,2011,0.8404,2.0
NOR,Norway,2012,0.8403,3.0
NOR,Norway,2013,0.8417,3.0
NOR,Norway,2014,0.8374,3.0
NOR,Norway,2015,0.85,2.0
NOR,Norway,2016,0.8420000000000001,3.0
NOR,Norway,2018,0.835,2.0
NEP,Nepal,2006,0.5477,111.0
NEP,Nepal,2007,0.5575,125.0
NEP,Nepal,2008,0.5942,120.0
NEP,Nepal,2009,0.6213,110.0
NEP,Nepal,2010,0.6084,115.0
NEP,Nepal,2011,0.5888,126.0
NEP,Nepal,2012,0.6026,123.0
NEP,Nepal,2013,0.6053,121.0
NEP,Nepal,2014,0.6458,112.0
NEP,Nepal,2015,0.6579999999999999,110.0
NEP,Nepal,2016,0.6609999999999999,110.0
NEP,Nepal,2018,0.6709999999999999,105.0
NZL,New Zealand,2006,0.7509,7.0
NZL,New Zealand,2007,0.7649,5.0
NZL,New Zealand,2008,0.7859,5.0
NZL,New Zealand,2009,0.7879999999999999,5.0
NZL,New Zealand,2010,0.7808,5.0
NZL,New Zealand,2011,0.7809999999999999,6.0
NZL,New Zealand,2012,0.7805,6.0
NZL,New Zealand,2013,0.7799,7.0
NZL,New Zealand,2014,0.7772,13.0
NZL,New Zealand,2015,0.782,10.0
NZL,New Zealand,2016,0.7809999999999999,9.0
NZL,New Zealand,2018,0.8009999999999999,7.0
OMA,Oman,2007,0.5903,119.0
OMA,Oman,2008,0.596,118.0
OMA,Oman,2009,0.5938,123.0
OMA,Oman,2010,0.595,122.0
OMA,Oman,2011,0.5873,127.0
OMA,Oman,2012,0.5986,125.0
OMA,Oman,2013,0.6053,122.0
OMA,Oman,2014,0.6091,128.0
OMA,Oman,2015,0.604,135.0
OMA,Oman,2016,0.612,133.0
OMA,Oman,2018,0.605,139.0
PAK,Pakistan,2006,0.5433,112.0
PAK,Pakistan,2007,0.5509,126.0
PAK,Pakistan,2008,0.5549,127.0
PAK,Pakistan,2009,0.5458,132.0
PAK,Pakistan,2010,0.5465,132.0
PAK,Pakistan,2011,0.5583,133.0
PAK,Pakistan,2012,0.5478,134.0
PAK,Pakistan,2013,0.5459,135.0
PAK,Pakistan,2014,0.5522,141.0
PAK,Pakistan,2015,0.5589999999999999,144.0
PAK,Pakistan,2016,0.556,143.0
PAK,Pakistan,2018,0.55,148.0
PAN,Panama,2006,0.6935,31.0
PAN,Panama,2007,0.6954,38.0
PAN,Panama,2008,0.7095,34.0
PAN,Panama,2009,0.7024,43.0
PAN,Panama,2010,0.7072,39.0
PAN,Panama,2011,0.7042,40.0
PAN,Panama,2012,0.7122,40.0
PAN,Panama,2013,0.7164,37.0
PAN,Panama,2014,0.7195,46.0
PAN,Panama,2015,0.722,44.0
PAN,Panama,2016,0.721,47.0
PAN,Panama,2018,0.722,45.0
PER,Peru,2006,0.6619,60.0
PER,Peru,2007,0.6624,75.0
PER,Peru,2008,0.6959,48.0
PER,Peru,2009,0.7024,44.0
PER,Peru,2010,0.6895,60.0
PER,Peru,2011,0.6796,73.0
PER,Peru,2012,0.6742,78.0
PER,Peru,2013,0.6787,80.0
PER,Peru,2014,0.7198,45.0
PER,Peru,2015,0.6829999999999999,89.0
PER,Peru,2016,0.687,80.0
PER,Peru,2018,0.72,52.0
PHI,Philippines,2006,0.7516,6.0
PHI,Philippines,2007,0.7629,6.0
PHI,Philippines,2008,0.7568,6.0
PHI,Philippines,2009,0.7579,9.0
PHI,Philippines,2010,0.7654,9.0
PHI,Philippines,2011,0.7685,8.0
PHI,Philippines,2012,0.7757,8.0
PHI,Philippines,2013,0.7832,5.0
PHI,Philippines,2014,0.7814,9.0
PHI,Philippines,2015,0.79,7.0
PHI,Philippines,2016,0.7859999999999999,7.0
PHI,Philippines,2018,0.799,8.0
POL,Poland,2006,0.6802,44.0
POL,Poland,2007,0.6756,60.0
POL,Poland,2008,0.6951,49.0
POL,Poland,2009,0.6998,50.0
POL,Poland,2010,0.7037,43.0
POL,Poland,2011,0.7038,42.0
POL,Poland,2012,0.7015,53.0
POL,Poland,2013,0.7031,54.0
POL,Poland,2014,0.7051,57.0
POL,Poland,2015,0.715,51.0
POL,Poland,2016,0.727,38.0
POL,Poland,2018,0.728,42.0
POR,Portugal,2006,0.6922,33.0
POR,Portugal,2007,0.6959,37.0
POR,Portugal,2008,0.7051,39.0
POR,Portugal,2009,0.7013,46.0
POR,Portugal,2010,0.7171,32.0
POR,Portugal,2011,0.7144,35.0
POR,Portugal,2012,0.7071,47.0
POR,Portugal,2013,0.7056,51.0
POR,Portugal,2014,0.7243,39.0
POR,Portugal,2015,0.731,39.0
POR,Portugal,2016,0.737,31.0
POR,Portugal,2018,0.732,37.0
PAR,Paraguay,2006,0.6556,64.0
PAR,Paraguay,2007,0.6659,69.0
PAR,Paraguay,2008,0.6379,100.0
PAR,Paraguay,2009,0.6868,66.0
PAR,Paraguay,2010,0.6804,69.0
PAR,Paraguay,2011,0.6818,67.0
PAR,Paraguay,2012,0.6714,83.0
PAR,Paraguay,2013,0.6724,89.0
PAR,Paraguay,2014,0.6890000000000001,81.0
PAR,Paraguay,2015,0.6659999999999999,107.0
PAR,Paraguay,2016,0.6759999999999999,96.0
PAR,Paraguay,2018,0.672,104.0
QAT,Qatar,2007,0.6041,109.0
QAT,Qatar,2008,0.5948,119.0
QAT,Qatar,2009,0.5907,125.0
QAT,Qatar,2010,0.6059,117.0
QAT,Qatar,2011,0.623,111.0
QAT,Qatar,2012,0.6264,115.0
QAT,Qatar,2013,0.6299,115.0
QAT,Qatar,2014,0.6403,116.0
QAT,Qatar,2015,0.645,122.0
QAT,Qatar,2016,0.643,119.0
QAT,Qatar,2018,0.629,127.0
ROU,Romania,2006,0.6797,46.0
ROU,Romania,2007,0.6859,47.0
ROU,Romania,2008,0.6763,70.0
ROU,Romania,2009,0.6805,70.0
ROU,Romania,2010,0.6826,67.0
ROU,Romania,2011,0.6812,68.0
ROU,Romania,2012,0.6859,67.0
ROU,Romania,2013,0.6908,70.0
ROU,Romania,2014,0.6936,72.0
ROU,Romania,2015,0.693,77.0
ROU,Romania,2016,0.69,76.0
ROU,Romania,2018,0.711,63.0
RUS,Russian Federation,2006,0.677,49.0
RUS,Russian Federation,2007,0.6866,45.0
RUS,Russian Federation,2008,0.6994,42.0
RUS,Russian Federation,2009,0.6987,51.0
RUS,Russian Federation,2010,0.7036,45.0
RUS,Russian Federation,2011,0.7037,43.0
RUS,Russian Federation,2012,0.698,59.0
RUS,Russian Federation,2013,0.6983,61.0
RUS,Russian Federation,2014,0.6927,75.0
RUS,Russian Federation,2015,0.6940000000000001,75.0
RUS,Russian Federation,2016,0.691,75.0
RUS,Russian Federation,2018,0.701,75.0
RWA,Rwanda,2014,0.7854,7.0
RWA,Rwanda,2015,0.794,6.0
RWA,Rwanda,2016,0.8,5.0
RWA,Rwanda,2018,0.804,6.0
KSA,Saudi Arabia,2006,0.5241,114.0
KSA,Saudi Arabia,2007,0.5647,124.0
KSA,Saudi Arabia,2008,0.5537,128.0
KSA,Saudi Arabia,2009,0.5651,130.0
KSA,Saudi Arabia,2010,0.5713,129.0
KSA,Saudi Arabia,2011,0.5753,131.0
KSA,Saudi Arabia,2012,0.5731,131.0
KSA,Saudi Arabia,2013,0.5879,127.0
KSA,Saudi Arabia,2014,0.6059,130.0
KSA,Saudi Arabia,2015,0.605,134.0
KSA,Saudi Arabia,2016,0.583,141.0
KSA,Saudi Arabia,2018,0.59,141.0
SEN,Senegal,2009,0.6427,102.0
SEN,Senegal,2010,0.6414,101.0
SEN,Senegal,2011,0.6573,92.0
SEN,Senegal,2012,0.6657,90.0
SEN,Senegal,2013,0.6923,67.0
SEN,Senegal,2014,0.6912,77.0
SEN,Senegal,2015,0.698,72.0
SEN,Senegal,2016,0.685,82.0
SEN,Senegal,2018,0.682,94.0
SIN,Singapore,2006,0.655,65.0
SIN,Singapore,2007,0.6609,77.0
SIN,Singapore,2008,0.6625,84.0
SIN,Singapore,2009,0.6664,84.0
SIN,Singapore,2010,0.6914,56.0
SIN,Singapore,2011,0.6914,57.0
SIN,Singapore,2012,0.6989,55.0
SIN,Singapore,2013,0.7,58.0
SIN,Singapore,2014,0.7046,59.0
SIN,Singapore,2015,0.711,54.0
SIN,Singapore,2016,0.7120000000000001,55.0
SIN,Singapore,2018,0.7070000000000001,67.0
SLE,Sierra Leone,2018,0.6609999999999999,114.0
SLV,El Salvador,2006,0.6836,39.0
SLV,El Salvador,2007,0.6853,48.0
SLV,El Salvador,2008,0.6875,58.0
SLV,El Salvador,2009,0.6939,55.0
SLV,El Salvador,2010,0.6596,90.0
SLV,El Salvador,2011,0.6567,94.0
SLV,El Salvador,2012,0.6629999999999999,94.0
SLV,El Salvador,2013,0.6609,96.0
SLV,El Salvador,2014,0.6863,84.0
SLV,El Salvador,2015,0.706,62.0
SLV,El Salvador,2016,0.7020000000000001,64.0
SLV,El Salvador,2018,0.69,87.0
SRB,Serbia,2012,0.7037,50.0
SRB,Serbia,2013,0.7116,42.0
SRB,Serbia,2014,0.7086,54.0
SRB,Serbia,2015,0.72,45.0
SRB,Serbia,2016,0.72,48.0
SRB,Serbia,2018,0.73,38.0
SUR,Suriname,2007,0.6794,56.0
SUR,Suriname,2008,0.6674,79.0
SUR,Suriname,2009,0.6726,78.0
SUR,Suriname,2010,0.6407,102.0
SUR,Suriname,2011,0.6395,104.0
SUR,Suriname,2012,0.6409,106.0
SUR,Suriname,2013,0.6369,110.0
SUR,Suriname,2014,0.6504,109.0
SUR,Suriname,2015,0.6779999999999999,94.0
SUR,Suriname,2016,0.679,95.0
SUR,Suriname,2018,0.695,79.0
SVK,Slovak Republic,2006,0.6757,50.0
SVK,Slovak Republic,2007,0.6797,54.0
SVK,Slovak Republic,2008,0.6824,64.0
SVK,Slovak Republic,2009,0.6845,68.0
SVK,Slovak Republic,2010,0.6778,71.0
SVK,Slovak Republic,2011,0.6797,72.0
SVK,Slovak Republic,2012,0.6824,70.0
SVK,Slovak Republic,2013,0.6857,74.0
SVK,Slovak Republic,2014,0.6806,90.0
SVK,Slovak Republic,2015,0.675,97.0
SVK,Slovak Republic,2016,0.679,94.0
SVK,Slovak Republic,2018,0.693,83.0
SVN,Slovenia,2006,0.6745,51.0
SVN,Slovenia,2007,0.6842,49.0
SVN,Slovenia,2008,0.6937,51.0
SVN,Slovenia,2009,0.6982,52.0
SVN,Slovenia,2010,0.7047,42.0
SVN,Slovenia,2011,0.7041,41.0
SVN,Slovenia,2012,0.7132,38.0
SVN,Slovenia,2013,0.7155,38.0
SVN,Slovenia,2014,0.7443,23.0
SVN,Slovenia,2015,0.784,9.0
SVN,Slovenia,2016,0.7859999999999999,8.0
SVN,Slovenia,2018,0.784,11.0
SWE,Sweden,2006,0.8133,1.0
SWE,Sweden,2007,0.8146,1.0
SWE,Sweden,2008,0.8139,3.0
SWE,Sweden,2009,0.8139,4.0
SWE,Sweden,2010,0.8024,4.0
SWE,Sweden,2011,0.8044,4.0
SWE,Sweden,2012,0.8159,4.0
SWE,Sweden,2013,0.8129,4.0
SWE,Sweden,2014,0.8165,4.0
SWE,Sweden,2015,0.823,4.0
SWE,Sweden,2016,0.815,4.0
SWE,Sweden,2018,0.8220000000000001,3.0
SWZ,Swaziland,2014,0.6772,92.0
SWZ,Swaziland,2015,0.67,102.0
SWZ,Swaziland,2016,0.665,107.0
SWZ,Swaziland,2018,,
SYR,Syrian Arab Republic,2007,0.6216,103.0
SYR,Syrian Arab Republic,2008,0.6181,107.0
SYR,Syrian Arab Republic,2009,0.6072,121.0
SYR,Syrian Arab Republic,2010,0.5926,124.0
SYR,Syrian Arab Republic,2011,0.5896,124.0
SYR,Syrian Arab Republic,2012,0.5626,132.0
SYR,Syrian Arab Republic,2013,0.5661,133.0
SYR,Syrian Arab Republic,2014,0.5775,139.0
SYR,Syrian Arab Republic,2015,0.568,143.0
SYR,Syrian Arab Republic,2016,0.5670000000000001,142.0
SYR,Syrian Arab Republic,2018,0.568,146.0
CHA,Chad,2006,0.5246,113.0
CHA,Chad,2007,0.5381,127.0
CHA,Chad,2008,0.529,129.0
CHA,Chad,2009,0.5417,133.0
CHA,Chad,2010,0.5329999999999999,133.0
CHA,Chad,2011,0.5334,134.0
CHA,Chad,2012,0.5594,133.0
CHA,Chad,2013,0.5588,134.0
CHA,Chad,2014,0.5764,140.0
CHA,Chad,2015,0.58,142.0
CHA,Chad,2016,0.5870000000000001,140.0
CHA,Chad,2018,0.58,145.0
TOG,Togo,2018,0.618,134.0
THA,Thailand,2006,0.6832,40.0
THA,Thailand,2007,0.6815,52.0
THA,Thailand,2008,0.6917,52.0
THA,Thailand,2009,0.6907,59.0
THA,Thailand,2010,0.691,57.0
THA,Thailand,2011,0.6892,60.0
THA,Thailand,2012,0.6893,65.0
THA,Thailand,2013,0.6928,65.0
THA,Thailand,2014,0.7027,61.0
THA,Thailand,2015,0.706,60.0
THA,Thailand,2016,0.6990000000000001,71.0
THA,Thailand,2018,0.7020000000000001,73.0
TJK,Tajikistan,2007,0.6578,79.0
TJK,Tajikistan,2008,0.6541,89.0
TJK,Tajikistan,2009,0.6661,86.0
TJK,Tajikistan,2010,0.6598,89.0
TJK,Tajikistan,2011,0.6526,96.0
TJK,Tajikistan,2012,0.6608,96.0
TJK,Tajikistan,2013,0.6682,90.0
TJK,Tajikistan,2014,0.6654,102.0
TJK,Tajikistan,2015,0.675,95.0
TJK,Tajikistan,2016,0.679,93.0
TJK,Tajikistan,2018,0.638,123.0
TLS,Timor-Leste,2012,0.6855,68.0
TLS,Timor-Leste,2016,0.637,125.0
TLS,Timor-Leste,2018,0.638,124.0
TRI,Trinidad and Tobago,2006,0.6797,45.0
TRI,Trinidad and Tobago,2007,0.6859,46.0
TRI,Trinidad and Tobago,2008,0.7245,19.0
TRI,Trinidad and Tobago,2009,0.7298,19.0
TRI,Trinidad and Tobago,2010,0.7353,21.0
TRI,Trinidad and Tobago,2011,0.7372,21.0
TRI,Trinidad and Tobago,2012,0.7116,43.0
TRI,Trinidad and Tobago,2013,0.7166,36.0
TRI,Trinidad and Tobago,2014,0.7154,49.0
TRI,Trinidad and Tobago,2015,0.72,46.0
TRI,Trinidad and Tobago,2016,0.723,44.0
TUN,Tunisia,2006,0.6288,90.0
TUN,Tunisia,2007,0.6283,102.0
TUN,Tunisia,2008,0.6295,103.0
TUN,Tunisia,2009,0.6233,109.0
TUN,Tunisia,2010,0.6266,107.0
TUN,Tunisia,2011,0.6255,108.0
TUN,Tunisia,2014,0.6272,123.0
TUN,Tunisia,2015,0.634,127.0
TUN,Tunisia,2016,0.636,126.0
TUN,Tunisia,2018,0.648,119.0
TUR,Turkey,2006,0.585,105.0
TUR,Turkey,2007,0.5768,121.0
TUR,Turkey,2008,0.5853,123.0
TUR,Turkey,2009,0.5828,129.0
TUR,Turkey,2010,0.5876,126.0
TUR,Turkey,2011,0.5954,122.0
TUR,Turkey,2012,0.6015,124.0
TUR,Turkey,2013,0.6081,120.0
TUR,Turkey,2014,0.6183,125.0
TUR,Turkey,2015,0.624,130.0
TUR,Turkey,2016,0.623,130.0
TUR,Turkey,2018,0.628,130.0
TAN,Tanzania,2006,0.7038,24.0
TAN,Tanzania,2007,0.6969,34.0
TAN,Tanzania,2008,0.7068,38.0
TAN,Tanzania,2009,0.6797,73.0
TAN,Tanzania,2010,0.6829,66.0
TAN,Tanzania,2011,0.6904,59.0
TAN,Tanzania,2012,0.7091,46.0
TAN,Tanzania,2013,0.6928,66.0
TAN,Tanzania,2014,0.7182,47.0
TAN,Tanzania,2015,0.718,49.0
TAN,Tanzania,2016,0.716,53.0
TAN,Tanzania,2018,0.7040000000000001,71.0
UGA,Uganda,2006,0.6797,47.0
UGA,Uganda,2007,0.6833,50.0
UGA,Uganda,2008,0.6981,43.0
UGA,Uganda,2009,0.7067,40.0
UGA,Uganda,2010,0.7169,33.0
UGA,Uganda,2011,0.722,29.0
UGA,Uganda,2012,0.7228,28.0
UGA,Uganda,2013,0.7086,46.0
UGA,Uganda,2014,0.6821,88.0
UGA,Uganda,2015,0.708,58.0
UGA,Uganda,2016,0.7040000000000001,61.0
UGA,Uganda,2018,0.7240000000000001,43.0
UKR,Ukraine,2006,0.6797,48.0
UKR,Ukraine,2007,0.679,57.0
UKR,Ukraine,2008,0.6856,62.0
UKR,Ukraine,2009,0.6896,61.0
UKR,Ukraine,2010,0.6869,63.0
UKR,Ukraine,2011,0.6861,64.0
UKR,Ukraine,2012,0.6894,64.0
UKR,Ukraine,2013,0.6935,64.0
UKR,Ukraine,2014,0.7056,56.0
UKR,Ukraine,2015,0.7020000000000001,67.0
UKR,Ukraine,2016,0.7,69.0
UKR,Ukraine,2018,0.708,65.0
URU,Uruguay,2006,0.655,66.0
URU,Uruguay,2007,0.6608,78.0
URU,Uruguay,2008,0.6907,54.0
URU,Uruguay,2009,0.6936,57.0
URU,Uruguay,2010,0.6897,59.0
URU,Uruguay,2011,0.6907,58.0
URU,Uruguay,2012,0.6745,76.0
URU,Uruguay,2013,0.6803,77.0
URU,Uruguay,2014,0.6871,82.0
URU,Uruguay,2015,0.679,93.0
URU,Uruguay,2016,0.6809999999999999,91.0
URU,Uruguay,2018,0.715,56.0
USA,United States,2006,0.7042,23.0
USA,United States,2007,0.7002,31.0
USA,United States,2008,0.7179,27.0
USA,United States,2009,0.7173,31.0
USA,United States,2010,0.7411,19.0
USA,United States,2011,0.7412,17.0
USA,United States,2012,0.7373,22.0
USA,United States,2013,0.7392,23.0
USA,United States,2014,0.7463,20.0
USA,United States,2015,0.74,28.0
USA,United States,2016,0.722,45.0
USA,United States,2018,0.72,51.0
UZB,Uzbekistan,2006,0.6886,36.0
UZB,Uzbekistan,2007,0.6921,41.0
UZB,Uzbekistan,2008,0.6906,55.0
UZB,Uzbekistan,2009,0.6913,58.0
VEN,"Venezuela, RB",2006,0.6664,57.0
VEN,"Venezuela, RB",2007,0.6797,55.0
VEN,"Venezuela, RB",2008,0.6875,59.0
VEN,"Venezuela, RB",2009,0.6839,69.0
VEN,"Venezuela, RB",2010,0.6863,64.0
VEN,"Venezuela, RB",2011,0.6861,63.0
VEN,"Venezuela, RB",2012,0.706,48.0
VEN,"Venezuela, RB",2013,0.706,50.0
VEN,"Venezuela, RB",2014,0.6851,86.0
VEN,"Venezuela, RB",2015,0.691,78.0
VEN,"Venezuela, RB",2016,0.6940000000000001,74.0
VEN,"Venezuela, RB",2018,0.7090000000000001,64.0
VIE,Vietnam,2007,0.6889,42.0
VIE,Vietnam,2008,0.6778,68.0
VIE,Vietnam,2009,0.6802,71.0
VIE,Vietnam,2010,0.6776,72.0
VIE,Vietnam,2011,0.6732,79.0
VIE,Vietnam,2012,0.6867,66.0
VIE,Vietnam,2013,0.6863,73.0
VIE,Vietnam,2014,0.6915,76.0
VIE,Vietnam,2015,0.687,83.0
VIE,Vietnam,2016,0.7,65.0
VIE,Vietnam,2018,0.698,77.0
YEM,"Yemen, Rep.",2006,0.4594,115.0
YEM,"Yemen, Rep.",2007,0.451,128.0
YEM,"Yemen, Rep.",2008,0.4664,130.0
YEM,"Yemen, Rep.",2009,0.4609,134.0
YEM,"Yemen, Rep.",2010,0.4603,134.0
YEM,"Yemen, Rep.",2011,0.4873,135.0
YEM,"Yemen, Rep.",2012,0.5054,135.0
YEM,"Yemen, Rep.",2013,0.5128,136.0
YEM,"Yemen, Rep.",2014,0.5145,142.0
YEM,"Yemen, Rep.",2015,0.484,145.0
YEM,"Yemen, Rep.",2016,0.516,144.0
YEM,"Yemen, Rep.",2018,0.499,149.0
RSA,South Africa,2006,0.7125,18.0
RSA,South Africa,2007,0.7194,20.0
RSA,South Africa,2008,0.7232,22.0
RSA,South Africa,2009,0.7709,6.0
RSA,South Africa,2010,0.7535,12.0
RSA,South Africa,2011,0.7478,14.0
RSA,South Africa,2012,0.7496,16.0
RSA,South Africa,2013,0.7509999999999999,17.0
RSA,South Africa,2014,0.7527,18.0
RSA,South Africa,2015,0.759,17.0
RSA,South Africa,2016,0.764,15.0
RSA,South Africa,2018,0.755,19.0
ZAM,Zambia,2006,0.6358,85.0
ZAM,Zambia,2007,0.6288,101.0
ZAM,Zambia,2008,0.6205,106.0
ZAM,Zambia,2009,0.631,107.0
ZAM,Zambia,2010,0.6293,106.0
ZAM,Zambia,2011,0.63,106.0
ZAM,Zambia,2012,0.6279,114.0
ZAM,Zambia,2013,0.6312,113.0
ZAM,Zambia,2014,0.6364,119.0
ZAM,Zambia,2015,0.65,116.0
ZIM,Zimbabwe,2006,0.6459999999999999,76.0
ZIM,Zimbabwe,2007,0.6464,88.0
ZIM,Zimbabwe,2008,0.6485,92.0
ZIM,Zimbabwe,2009,0.6518,95.0
ZIM,Zimbabwe,2010,0.6574,92.0
ZIM,Zimbabwe,2011,0.6607,88.0
ZIM,Zimbabwe,2014,0.7013,63.0
ZIM,Zimbabwe,2015,0.7090000000000001,57.0
ZIM,Zimbabwe,2016,0.71,56.0
ZIM,Zimbabwe,2018,0.721,47.0
